Species,Strain,Genotype,Gene,Nt_pos,Nt_pos_Ecoli,Nt_original,Nt_mutation,Nt_OtoM,Nt_mut_name,Nt_mut_name_Ecoli,Codon_original,Codon_mutation,Codon_OtoM,AA_pos,AA_pos_Ecoli,AA_original,AA_mutation,AA_OtoM,AA_mut_name,AA_mut_name_Ecoli,Origin,MIC_mgPerL,Rel_fitness,n_clones,Comments,Ref_code,Entry_by
Flavobacterium columnare,,,rpoB,,,,,,,,,,,469,,,,,N469K,,,,,,Deleterious mutation causing rifampin resistance,"Vaccines 2021, 9, 1370",
Flavobacterium columnare,,,rpoB,,,,,,,,,,,486,,,,,H486Y,,,,,,Deleterious mutation causing rifampin resistance,"Vaccines 2021, 9, 1370",
Pseudomonas aeruginosa,,,rpoB,,,,,,,,,,,531,,,,,H531R,,,,,,Reduces rifampin binding,"MacLean et al., 2014",
Pseudomonas aeruginosa,,,rpoB,,,,,,,,,,,521,,,,,D521G,,,,,,Reduces transcription efficiency,"MacLean et al., 2014",
Pseudomonas aeruginosa,,,rpoB,,,,,,,,,,,518,,,,,Q518R,,,,,,Epistasis with E528D,"MacLean et al., 2014",
Pseudomonas aeruginosa,,,rpoB,,,,,,,,,,,531,,,,,H531Y,,,,,,Disrupts expression,"MacLean et al., 2014",
Pseudomonas aeruginosa,,,rpoB,,,,,,,,,,,536,,,,,S536F,,,,,,Low-cost resistance,"MacLean et al., 2014",
Pseudomonas aeruginosa,,,rpoB,,,,,,,,,,,531,,,,,H531C,,,,,,Improves RNAP function,"MacLean et al., 2014",
Pseudomonas spp.,,,rpoB,,,,,,,,,,,1553???¡ÒC1592 (nt),,,,,"A1553G, A1562G, C1591T, A1592G",,,,,,Epistatic patterns across Pseudomonas,"Vogwill et al., 2016",
Enterococcus faecium,38?¡°C15 Rif A,S494L + V224I,rpoB,,,,,,,,,,,"494,224",,,,,S494L + V224I,,Laboratory mutant,>256,10,,,"Enne et al., 2004",
Enterococcus faecium,38?¡°C15 Rif C,H489Q,rpoB,,,,,,,,,,,489,,,,,H489Q,,Laboratory mutant,32,1.6,,,"Enne et al., 2004",
Enterococcus faecium,38?¡°C15 Rif D,S494L + V224I,rpoB,,,,,,,,,,,"494,224",,,,,S494L + V224I,,Laboratory mutant,>256,7.5,,,"Enne et al., 2004",
Enterococcus faecium,38?¡°C15 Rif E,G485D + V224I,rpoB,,,,,,,,,,,"485,224",,,,,G485D + V224I,,Laboratory mutant,>256,6.6,,,"Enne et al., 2004",
Enterococcus faecium,40?¡°C4 Rif B,H489Y,rpoB,,,,,,,,,,,489,,,,,H489Y,,Laboratory mutant,64,-2.5,,,"Enne et al., 2004",
Enterococcus faecium,40?¡°C4 Rif D,R492H,rpoB,,,,,,,,,,,492,,,,,R492H,,Laboratory mutant,96,6.9,,,"Enne et al., 2004",
Enterococcus faecium,40?¡°C4 Rif E,H489Y,rpoB,,,,,,,,,,,489,,,,,H489Y,,Laboratory mutant,64,2.7,,,"Enne et al., 2004",
Enterococcus faecium,40?¡°C8 Rif C,R492H,rpoB,,,,,,,,,,,492,,,,,R492H,,Laboratory mutant,256,9.5,,,"Enne et al., 2004",
Enterococcus faecium,40?¡°C8 Rif D,H489Y,rpoB,,,,,,,,,,,489,,,,,H489Y,,Laboratory mutant,96,4.2,,,"Enne et al., 2004",
Enterococcus faecium,343?¡°C3 Rif A,H489Y,rpoB,,,,,,,,,,,489,,,,,H489Y,,Laboratory mutant,32,3.2,,,"Enne et al., 2004",
Enterococcus faecium,343?¡°C3 Rif C,Q480H,rpoB,,,,,,,,,,,480,,,,,Q480H,,Laboratory mutant,64,2.9,,,"Enne et al., 2004",
Pseudomonas aeruginosa,,,rpoB,,,,,,,,,,,518,,Q,R,Q518R,Q518R,,Mutant screening (Qi et al. 2014),,,,Reported as having significant transcriptional efficiency reduction,Qi2014,
Pseudomonas aeruginosa,,,rpoB,,,,,,,,,,,521,,D,G,D521G,D521G,,Mutant screening (Qi et al. 2014),,,7,Used in transcriptome profiling (RNA-Seq),Qi2014,
Pseudomonas aeruginosa,,,rpoB,,,,,,,,,,,531,,H,R,H531R,H531R,,Mutant screening (Qi et al. 2014),,,2,Used in RNA-Seq analysis; reduced transcriptional efficiency,Qi2014,
Mycobacterium tuberculosis,,,rpoB,,,,,,,,,,,531,NA,S,L,S531L,S531L,NA,Laboratory + Clinical,NA,"0.93 (lab), 1.04 (clinical)",NA,Most common mutation; low fitness cost; background-dependent,Gagneux2006,
Mycobacterium tuberculosis,,,rpoB,,,,,,,,,,,529,NA,R,Q,R529Q,R529Q,NA,Laboratory,NA,0.58,NA,Not observed in clinic; high fitness cost,Gagneux2006,
Mycobacterium tuberculosis,,,rpoB,,,,,,,,,,,526,NA,H,D,H526D,H526D,NA,Laboratory + Clinical,NA,Context-dependent,NA,Fitness varies with strain background (CDC1551 vs T85),Gagneux2006,
Staphylococcus aureus,R31,,rpoB,,,,,,,,,,,,,,,,,Apr-25,0.125,0.94 ¡À 0.05,,,O'Neill_2006,,
Staphylococcus aureus,R26,,rpoB,,,,,,,,,,,,,,,,,Apr-25,0.125,0.87 ¡À 0.03,,,O'Neill_2006,,
Staphylococcus aureus,R21,,rpoB,,,,,,,,,,,,,,,,,Apr-25,0.25,0.85 ¡À 0.04,,,O'Neill_2006,,
Staphylococcus aureus,239R,,rpoB,,,,,,,,,,,,,H,N,H¡úN,,239R,256,,,,O'Neill_2006,,
Staphylococcus aureus,239R,,rpoB,,,,,,,,,,,,,S,L,S¡úL,,239R,,,,,O'Neill_2006,,
Staphylococcus aureus,BR2,,rpoB,,,,,,,,,,,,,R,H,R¡úH,,BR2,1024,,,,O'Neill_2006,,
Staphylococcus aureus,Mu50,,rpoB,,,,,,,,,,,,,H,Y,H¡úY,,Mu50,1024,,,,O'Neill_2006,,
P. aeruginosa,,,rpoB,152,,A,T,A>T,,,,,,152,,Q,L,Q>L,Q152L,,experimental,,1.105,,From Vogwill et al. 2016,Vogwill_2016,
P. stutzeri ATCC,,,rpoB,152,,A,T,A>T,,,,,,152,,Q,L,Q>L,Q152L,,experimental,,0.883,,From Vogwill et al. 2016,Vogwill_2016,
