Cluster,Mutation,Count
0,rpoB_H526R,12
0,rpoB_H526Y,12
0,rpoB_Q513R,12
0,rpoB_D516G,11
0,rpoB_D516N,11
0,rpoB_Q513K,10
0,rpoB_S531F,10
0,rpoB_H526L,9
0,rpoB_H526N,8
0,rpoB_D516V,7
0,rpoB_D516Y,7
0,rpoB_P564L,7
0,rpoB_Q513L,7
0,rpoB_R529H,7
0,rpoB_H526P,6
0,rpoB_I572F,6
0,rpoB_L533P,6
0,rpoB_S512F,6
0,rpoB_S531L,6
0,rpoB_H526D,5
0,rpoB_L511P,5
0,rpoB_S512P,5
0,rpoB_S531Y,5
0,rpoB_D516A,4
0,rpoB_H526Q,4
0,rpoB_I572L,4
0,rpoB_L511R,4
0,rpoB_L533S,4
0,rpoB_Q148L,4
0,rpoB_R529C,4
0,rpoB_R529S,4
0,rpoB_S522F,4
0,rpoB_S574Y,4
0,rpoB_V146F,4
0,rpoB_D516E,3
0,rpoB_I572M,3
0,rpoB_N518D,3
0,rpoB_Q148R,3
0,rpoB_Q513P,3
0,rpoB_S509P,3
0,rpoB_S509R,3
0,rpoB_S574F,3
0,rpoB_G534D,2
0,rpoB_G534V,2
0,rpoB_G570C,2
0,rpoB_H526C,2
0,rpoB_I572S,2
0,rpoB_L511Q,2
0,rpoB_L533H,2
0,rpoB_P564R,2
0,rpoB_Q513E,2
0,rpoB_R529L,2
0,rpoB_S512Y,2
0,rpoB_S522L,2
0,rpoB_S531C,2
0,rpoB_T525R,2
0,rpoB_T563P,2
0,rpoB_V146G,2
0,D483G,1
0,H526N,1
0,P519L,1
0,P562L,1
0,S531L,1
0,rpoB_A518E,1
0,rpoB_A522D,1
0,rpoB_A522N,1
0,rpoB_A522V,1
0,rpoB_A532E,1
0,rpoB_A532P,1
0,rpoB_A532V,1
0,rpoB_D516F,1
0,rpoB_D516P,1
0,rpoB_D522A,1
0,rpoB_D522V,1
0,rpoB_D631Y,1
0,rpoB_E562K,1
0,rpoB_F505S,1
0,rpoB_G522D,1
0,rpoB_G534A,1
0,rpoB_G534C,1
0,rpoB_G534R,1
0,rpoB_G534S,1
0,rpoB_G534W,1
0,rpoB_G536V,1
0,rpoB_G537C,1
0,rpoB_G570D,1
0,rpoB_G570S,1
0,rpoB_H498C,1
0,rpoB_H512D,1
0,rpoB_H512P,1
0,rpoB_H512R,1
0,rpoB_H512Y,1
0,rpoB_H526E,1
0,rpoB_H526F,1
0,rpoB_H526G,1
0,rpoB_H526S,1
0,rpoB_H526T,1
0,rpoB_H547Y,1
0,rpoB_I145F,1
0,rpoB_I146F,1
0,rpoB_I146M,1
0,rpoB_I571F,1
0,rpoB_I572D,1
0,rpoB_I572N,1
0,rpoB_I572P,1
0,rpoB_I572R,1
0,rpoB_I572T,1
0,rpoB_K503N,1
0,rpoB_K513Q,1
0,rpoB_K527Q,1
0,rpoB_L149P,1
0,rpoB_L448I,1
0,rpoB_L511I,1
0,rpoB_L511S,1
0,rpoB_L533C,1
0,rpoB_L533D,1
0,rpoB_L533Q,1
0,rpoB_L533V,1
0,rpoB_L571Q,1
0,rpoB_L572Y,1
0,rpoB_L583P,1
0,rpoB_N518K,1
0,rpoB_N519L,1
0,rpoB_N531Y,1
0,rpoB_N573F,1
0,rpoB_N624S,1
0,rpoB_P546L,1
0,rpoB_P560S,1
0,rpoB_Q148H,1
0,rpoB_Q148P,1
0,rpoB_Q499K,1
0,rpoB_Q499L,1
0,rpoB_Q499R,1
0,rpoB_Q513F,1
0,rpoB_Q513H,1
0,rpoB_Q513I,1
0,rpoB_Q513N,1
0,rpoB_Q517L,1
0,rpoB_R451S,1
0,rpoB_R478S,1
0,rpoB_R508P,1
0,rpoB_R529G,1
0,rpoB_R529K,1
0,rpoB_R529P,1
0,rpoB_R529Q,1
0,rpoB_R687C,1
0,rpoB_R687H,1
0,rpoB_S495C,1
0,rpoB_S495F,1
0,rpoB_S505P,1
0,rpoB_S508P,1
0,rpoB_S509C,1
0,rpoB_S509F,1
0,rpoB_S512C,1
0,rpoB_S512R,1
0,rpoB_S517F,1
0,rpoB_S522P,1
0,rpoB_S522Y,1
0,rpoB_S531M,1
0,rpoB_S531Q,1
0,rpoB_S531W,1
0,rpoB_S573Y,1
0,rpoB_S574L,1
0,rpoB_T504S,1
0,rpoB_T515S,1
0,rpoB_T563I,1
0,rpoB_V146W,1
0,rpoB_p564L,1
0,A522V,0
0,D516G,0
0,D521V,0
0,D521Y,0
0,G522D,0
0,G57D,0
0,H526L,0
0,H526Y,0
0,H531R,0
0,Q518R,0
0,R158C,0
0,R158H,0
0,R485H,0
0,S512F,0
0,S531P,0
0,V146A,0
0,V146F,0
0,rpoB_A434D,0
0,rpoB_A522E,0
0,rpoB_A522T,0
0,rpoB_A577V,0
0,rpoB_A621V,0
0,rpoB_A650V,0
0,rpoB_A656S,0
0,rpoB_A664G,0
0,rpoB_C558W,0
0,rpoB_C558Y,0
0,rpoB_D438G,0
0,rpoB_D438Q,0
0,rpoB_D515N,0
0,rpoB_D529V,0
0,rpoB_D604H,0
0,rpoB_D626E,0
0,rpoB_E393D,0
0,rpoB_E412D,0
0,rpoB_E422K,0
0,rpoB_E632D,0
0,rpoB_E648D,0
0,rpoB_F578Y,0
0,rpoB_F614Y,0
0,rpoB_G507D,0
0,rpoB_G522V,0
0,rpoB_G537K,0
0,rpoB_G643S,0
0,rpoB_H256Y,0
0,rpoB_H526H,0
0,rpoB_H527D,0
0,rpoB_H527R,0
0,rpoB_H527Y,0
0,rpoB_H529D,0
0,rpoB_H539L,0
0,rpoB_H539Y,0
0,rpoB_H649Q,0
0,rpoB_I482M,0
0,rpoB_I634V,0
0,rpoB_I663V,0
0,rpoB_L433R,0
0,rpoB_L492M,0
0,rpoB_L511V,0
0,rpoB_L533I,0
0,rpoB_L558V,0
0,rpoB_L622N,0
0,rpoB_N624D,0
0,rpoB_P474R,0
0,rpoB_Q415E,0
0,rpoB_Q510H,0
0,rpoB_Q514K,0
0,rpoB_Q514L,0
0,rpoB_Q514R,0
0,rpoB_Q517H,0
0,rpoB_Q526L,0
0,rpoB_R442C,0
0,rpoB_R442F,0
0,rpoB_R442H,0
0,rpoB_R530H,0
0,rpoB_S387N,0
0,rpoB_S440L,0
0,rpoB_S532F,0
0,rpoB_S532Y,0
0,rpoB_T399A,0
0,rpoB_T423E,0
0,rpoB_V146I,0
0,rpoB_V175F,0
0,rpoB_V521A,0
0,rpoB_V524I,0
1,rpoB_H526R,6
1,rpoB_Q513R,6
1,rpoB_D516G,5
1,rpoB_L533P,5
1,rpoB_S531F,5
1,rpoB_D516Y,4
1,rpoB_H526L,4
1,rpoB_P564L,4
1,rpoB_S512P,4
1,rpoB_D516N,3
1,rpoB_H526Y,3
1,rpoB_L511P,3
1,rpoB_R529H,3
1,rpoB_S512F,3
1,rpoB_S522L,3
1,rpoB_S531Y,3
1,rpoB_S574F,3
1,rpoB_D516V,2
1,rpoB_I572S,2
1,rpoB_Q513K,2
1,rpoB_Q513P,2
1,rpoB_C558W,1
1,rpoB_C558Y,1
1,rpoB_D516A,1
1,rpoB_D516E,1
1,rpoB_G534C,1
1,rpoB_G534D,1
1,rpoB_H526D,1
1,rpoB_H526Q,1
1,rpoB_I572F,1
1,rpoB_I572L,1
1,rpoB_I572M,1
1,rpoB_I572T,1
1,rpoB_L511V,1
1,rpoB_L533H,1
1,rpoB_L533I,1
1,rpoB_L533V,1
1,rpoB_Q513L,1
1,rpoB_R529P,1
1,rpoB_S509R,1
1,rpoB_S522F,1
1,A522V,0
1,D483G,0
1,D516G,0
1,D521V,0
1,D521Y,0
1,G522D,0
1,G57D,0
1,H526L,0
1,H526N,0
1,H526Y,0
1,H531R,0
1,P519L,0
1,P562L,0
1,Q518R,0
1,R158C,0
1,R158H,0
1,R485H,0
1,S512F,0
1,S531L,0
1,S531P,0
1,V146A,0
1,V146F,0
1,rpoB_A434D,0
1,rpoB_A518E,0
1,rpoB_A522D,0
1,rpoB_A522E,0
1,rpoB_A522N,0
1,rpoB_A522T,0
1,rpoB_A522V,0
1,rpoB_A532E,0
1,rpoB_A532P,0
1,rpoB_A532V,0
1,rpoB_A577V,0
1,rpoB_A621V,0
1,rpoB_A650V,0
1,rpoB_A656S,0
1,rpoB_A664G,0
1,rpoB_D438G,0
1,rpoB_D438Q,0
1,rpoB_D515N,0
1,rpoB_D516F,0
1,rpoB_D516P,0
1,rpoB_D522A,0
1,rpoB_D522V,0
1,rpoB_D529V,0
1,rpoB_D604H,0
1,rpoB_D626E,0
1,rpoB_D631Y,0
1,rpoB_E393D,0
1,rpoB_E412D,0
1,rpoB_E422K,0
1,rpoB_E562K,0
1,rpoB_E632D,0
1,rpoB_E648D,0
1,rpoB_F505S,0
1,rpoB_F578Y,0
1,rpoB_F614Y,0
1,rpoB_G507D,0
1,rpoB_G522D,0
1,rpoB_G522V,0
1,rpoB_G534A,0
1,rpoB_G534R,0
1,rpoB_G534S,0
1,rpoB_G534V,0
1,rpoB_G534W,0
1,rpoB_G536V,0
1,rpoB_G537C,0
1,rpoB_G537K,0
1,rpoB_G570C,0
1,rpoB_G570D,0
1,rpoB_G570S,0
1,rpoB_G643S,0
1,rpoB_H256Y,0
1,rpoB_H498C,0
1,rpoB_H512D,0
1,rpoB_H512P,0
1,rpoB_H512R,0
1,rpoB_H512Y,0
1,rpoB_H526C,0
1,rpoB_H526E,0
1,rpoB_H526F,0
1,rpoB_H526G,0
1,rpoB_H526H,0
1,rpoB_H526N,0
1,rpoB_H526P,0
1,rpoB_H526S,0
1,rpoB_H526T,0
1,rpoB_H527D,0
1,rpoB_H527R,0
1,rpoB_H527Y,0
1,rpoB_H529D,0
1,rpoB_H539L,0
1,rpoB_H539Y,0
1,rpoB_H547Y,0
1,rpoB_H649Q,0
1,rpoB_I145F,0
1,rpoB_I146F,0
1,rpoB_I146M,0
1,rpoB_I482M,0
1,rpoB_I571F,0
1,rpoB_I572D,0
1,rpoB_I572N,0
1,rpoB_I572P,0
1,rpoB_I572R,0
1,rpoB_I634V,0
1,rpoB_I663V,0
1,rpoB_K503N,0
1,rpoB_K513Q,0
1,rpoB_K527Q,0
1,rpoB_L149P,0
1,rpoB_L433R,0
1,rpoB_L448I,0
1,rpoB_L492M,0
1,rpoB_L511I,0
1,rpoB_L511Q,0
1,rpoB_L511R,0
1,rpoB_L511S,0
1,rpoB_L533C,0
1,rpoB_L533D,0
1,rpoB_L533Q,0
1,rpoB_L533S,0
1,rpoB_L558V,0
1,rpoB_L571Q,0
1,rpoB_L572Y,0
1,rpoB_L583P,0
1,rpoB_L622N,0
1,rpoB_N518D,0
1,rpoB_N518K,0
1,rpoB_N519L,0
1,rpoB_N531Y,0
1,rpoB_N573F,0
1,rpoB_N624D,0
1,rpoB_N624S,0
1,rpoB_P474R,0
1,rpoB_P546L,0
1,rpoB_P560S,0
1,rpoB_P564R,0
1,rpoB_Q148H,0
1,rpoB_Q148L,0
1,rpoB_Q148P,0
1,rpoB_Q148R,0
1,rpoB_Q415E,0
1,rpoB_Q499K,0
1,rpoB_Q499L,0
1,rpoB_Q499R,0
1,rpoB_Q510H,0
1,rpoB_Q513E,0
1,rpoB_Q513F,0
1,rpoB_Q513H,0
1,rpoB_Q513I,0
1,rpoB_Q513N,0
1,rpoB_Q514K,0
1,rpoB_Q514L,0
1,rpoB_Q514R,0
1,rpoB_Q517H,0
1,rpoB_Q517L,0
1,rpoB_Q526L,0
1,rpoB_R442C,0
1,rpoB_R442F,0
1,rpoB_R442H,0
1,rpoB_R451S,0
1,rpoB_R478S,0
1,rpoB_R508P,0
1,rpoB_R529C,0
1,rpoB_R529G,0
1,rpoB_R529K,0
1,rpoB_R529L,0
1,rpoB_R529Q,0
1,rpoB_R529S,0
1,rpoB_R530H,0
1,rpoB_R687C,0
1,rpoB_R687H,0
1,rpoB_S387N,0
1,rpoB_S440L,0
1,rpoB_S495C,0
1,rpoB_S495F,0
1,rpoB_S505P,0
1,rpoB_S508P,0
1,rpoB_S509C,0
1,rpoB_S509F,0
1,rpoB_S509P,0
1,rpoB_S512C,0
1,rpoB_S512R,0
1,rpoB_S512Y,0
1,rpoB_S517F,0
1,rpoB_S522P,0
1,rpoB_S522Y,0
1,rpoB_S531C,0
1,rpoB_S531L,0
1,rpoB_S531M,0
1,rpoB_S531Q,0
1,rpoB_S531W,0
1,rpoB_S532F,0
1,rpoB_S532Y,0
1,rpoB_S573Y,0
1,rpoB_S574L,0
1,rpoB_S574Y,0
1,rpoB_T399A,0
1,rpoB_T423E,0
1,rpoB_T504S,0
1,rpoB_T515S,0
1,rpoB_T525R,0
1,rpoB_T563I,0
1,rpoB_T563P,0
1,rpoB_V146F,0
1,rpoB_V146G,0
1,rpoB_V146I,0
1,rpoB_V146W,0
1,rpoB_V175F,0
1,rpoB_V521A,0
1,rpoB_V524I,0
1,rpoB_p564L,0
2,rpoB_H526Y,12
2,rpoB_S531L,8
2,rpoB_H526R,7
2,rpoB_Q513K,7
2,rpoB_H526D,5
2,rpoB_D516V,4
2,rpoB_H526P,4
2,rpoB_D516Y,3
2,rpoB_Q513R,3
2,rpoB_R529H,3
2,rpoB_S522F,3
2,rpoB_S531W,3
2,H526Y,2
2,rpoB_G522D,2
2,rpoB_H527Y,2
2,rpoB_S522L,2
2,rpoB_V146F,2
2,A522V,1
2,D516G,1
2,D521V,1
2,D521Y,1
2,G522D,1
2,G57D,1
2,H526L,1
2,H531R,1
2,Q518R,1
2,R158C,1
2,R158H,1
2,R485H,1
2,S512F,1
2,S531P,1
2,V146A,1
2,V146F,1
2,rpoB_A434D,1
2,rpoB_A522E,1
2,rpoB_A522T,1
2,rpoB_A522V,1
2,rpoB_A577V,1
2,rpoB_A621V,1
2,rpoB_A650V,1
2,rpoB_A656S,1
2,rpoB_A664G,1
2,rpoB_D438G,1
2,rpoB_D438Q,1
2,rpoB_D515N,1
2,rpoB_D529V,1
2,rpoB_D604H,1
2,rpoB_D626E,1
2,rpoB_E393D,1
2,rpoB_E412D,1
2,rpoB_E422K,1
2,rpoB_E632D,1
2,rpoB_E648D,1
2,rpoB_F578Y,1
2,rpoB_F614Y,1
2,rpoB_G507D,1
2,rpoB_G522V,1
2,rpoB_G537K,1
2,rpoB_G643S,1
2,rpoB_H256Y,1
2,rpoB_H526C,1
2,rpoB_H526H,1
2,rpoB_H526L,1
2,rpoB_H526N,1
2,rpoB_H526Q,1
2,rpoB_H527D,1
2,rpoB_H527R,1
2,rpoB_H529D,1
2,rpoB_H539L,1
2,rpoB_H539Y,1
2,rpoB_H649Q,1
2,rpoB_I482M,1
2,rpoB_I572L,1
2,rpoB_I572M,1
2,rpoB_I572N,1
2,rpoB_I634V,1
2,rpoB_I663V,1
2,rpoB_L433R,1
2,rpoB_L492M,1
2,rpoB_L533S,1
2,rpoB_L558V,1
2,rpoB_L622N,1
2,rpoB_N624D,1
2,rpoB_P474R,1
2,rpoB_Q415E,1
2,rpoB_Q510H,1
2,rpoB_Q513L,1
2,rpoB_Q514K,1
2,rpoB_Q514L,1
2,rpoB_Q514R,1
2,rpoB_Q517H,1
2,rpoB_Q526L,1
2,rpoB_R442C,1
2,rpoB_R442F,1
2,rpoB_R442H,1
2,rpoB_R508P,1
2,rpoB_R529K,1
2,rpoB_R529S,1
2,rpoB_R530H,1
2,rpoB_S387N,1
2,rpoB_S440L,1
2,rpoB_S522P,1
2,rpoB_S522Y,1
2,rpoB_S531C,1
2,rpoB_S531F,1
2,rpoB_S531Q,1
2,rpoB_S532F,1
2,rpoB_S532Y,1
2,rpoB_S574F,1
2,rpoB_S574L,1
2,rpoB_S574Y,1
2,rpoB_T399A,1
2,rpoB_T423E,1
2,rpoB_V146I,1
2,rpoB_V175F,1
2,rpoB_V521A,1
2,rpoB_V524I,1
2,D483G,0
2,H526N,0
2,P519L,0
2,P562L,0
2,S531L,0
2,rpoB_A518E,0
2,rpoB_A522D,0
2,rpoB_A522N,0
2,rpoB_A532E,0
2,rpoB_A532P,0
2,rpoB_A532V,0
2,rpoB_C558W,0
2,rpoB_C558Y,0
2,rpoB_D516A,0
2,rpoB_D516E,0
2,rpoB_D516F,0
2,rpoB_D516G,0
2,rpoB_D516N,0
2,rpoB_D516P,0
2,rpoB_D522A,0
2,rpoB_D522V,0
2,rpoB_D631Y,0
2,rpoB_E562K,0
2,rpoB_F505S,0
2,rpoB_G534A,0
2,rpoB_G534C,0
2,rpoB_G534D,0
2,rpoB_G534R,0
2,rpoB_G534S,0
2,rpoB_G534V,0
2,rpoB_G534W,0
2,rpoB_G536V,0
2,rpoB_G537C,0
2,rpoB_G570C,0
2,rpoB_G570D,0
2,rpoB_G570S,0
2,rpoB_H498C,0
2,rpoB_H512D,0
2,rpoB_H512P,0
2,rpoB_H512R,0
2,rpoB_H512Y,0
2,rpoB_H526E,0
2,rpoB_H526F,0
2,rpoB_H526G,0
2,rpoB_H526S,0
2,rpoB_H526T,0
2,rpoB_H547Y,0
2,rpoB_I145F,0
2,rpoB_I146F,0
2,rpoB_I146M,0
2,rpoB_I571F,0
2,rpoB_I572D,0
2,rpoB_I572F,0
2,rpoB_I572P,0
2,rpoB_I572R,0
2,rpoB_I572S,0
2,rpoB_I572T,0
2,rpoB_K503N,0
2,rpoB_K513Q,0
2,rpoB_K527Q,0
2,rpoB_L149P,0
2,rpoB_L448I,0
2,rpoB_L511I,0
2,rpoB_L511P,0
2,rpoB_L511Q,0
2,rpoB_L511R,0
2,rpoB_L511S,0
2,rpoB_L511V,0
2,rpoB_L533C,0
2,rpoB_L533D,0
2,rpoB_L533H,0
2,rpoB_L533I,0
2,rpoB_L533P,0
2,rpoB_L533Q,0
2,rpoB_L533V,0
2,rpoB_L571Q,0
2,rpoB_L572Y,0
2,rpoB_L583P,0
2,rpoB_N518D,0
2,rpoB_N518K,0
2,rpoB_N519L,0
2,rpoB_N531Y,0
2,rpoB_N573F,0
2,rpoB_N624S,0
2,rpoB_P546L,0
2,rpoB_P560S,0
2,rpoB_P564L,0
2,rpoB_P564R,0
2,rpoB_Q148H,0
2,rpoB_Q148L,0
2,rpoB_Q148P,0
2,rpoB_Q148R,0
2,rpoB_Q499K,0
2,rpoB_Q499L,0
2,rpoB_Q499R,0
2,rpoB_Q513E,0
2,rpoB_Q513F,0
2,rpoB_Q513H,0
2,rpoB_Q513I,0
2,rpoB_Q513N,0
2,rpoB_Q513P,0
2,rpoB_Q517L,0
2,rpoB_R451S,0
2,rpoB_R478S,0
2,rpoB_R529C,0
2,rpoB_R529G,0
2,rpoB_R529L,0
2,rpoB_R529P,0
2,rpoB_R529Q,0
2,rpoB_R687C,0
2,rpoB_R687H,0
2,rpoB_S495C,0
2,rpoB_S495F,0
2,rpoB_S505P,0
2,rpoB_S508P,0
2,rpoB_S509C,0
2,rpoB_S509F,0
2,rpoB_S509P,0
2,rpoB_S509R,0
2,rpoB_S512C,0
2,rpoB_S512F,0
2,rpoB_S512P,0
2,rpoB_S512R,0
2,rpoB_S512Y,0
2,rpoB_S517F,0
2,rpoB_S531M,0
2,rpoB_S531Y,0
2,rpoB_S573Y,0
2,rpoB_T504S,0
2,rpoB_T515S,0
2,rpoB_T525R,0
2,rpoB_T563I,0
2,rpoB_T563P,0
2,rpoB_V146G,0
2,rpoB_V146W,0
2,rpoB_p564L,0
